plant,prod_cost,prod_cap,defect_pct,ts
PLANT-eebd,50.0,200.0,2.0,1758577787.9852953
PLANT-303f,50.0,200.0,2.0,1758577904.199288
PLANT-04b4,50.0,200.0,2.0,1758578040.1933827
PLANT-acca,50.0,200.0,2.0,1758578041.3604684
